{
  "project_info": {
    "project_number": "124132233891",
    "firebase_url": "https://dangages-78375-default-rtdb.europe-west1.firebasedatabase.app",
    "project_id": "dangages-78375",
    "storage_bucket": "dangages-78375.appspot.com"
  },
  "client": [
    {
      "client_info": {
        "mobilesdk_app_id": "1:124132233891:android:4d54619b088def2d882516",
        "android_client_info": {
          "package_name": "com.DangAges.com"
        }
      },
      "oauth_client": [
        {
          "client_id": "124132233891-gc777r0h4nlhdo7c8k6dnhqucs04qqut.apps.googleusercontent.com",
          "client_type": 3
        }
      ],
      "api_key": [
        {
          "current_key": "AIzaSyC1xO0XNfPYko0BzGpiQHFJpHyNg-CgCIM"
        }
      ],
      "services": {
        "appinvite_service": {
          "other_platform_oauth_client": [
            {
              "client_id": "124132233891-gc777r0h4nlhdo7c8k6dnhqucs04qqut.apps.googleusercontent.com",
              "client_type": 3
            }
          ]
        }
      }
    }
  ],
  "configuration_version": "1"
}